tick,base_world_gdp,base_mean_stability,base_wars,base_collapsed,base_price_energy,base_price_food,base_price_chips,base_mean_inflation,base_mean_debt_gdp,base_defaults,treat_world_gdp,treat_mean_stability,treat_wars,treat_collapsed,treat_price_energy,treat_price_food,treat_price_chips,treat_mean_inflation,treat_mean_debt_gdp,treat_defaults
0,88.2854,58.63,0,0,1.0,1.0,1.0,0.02,78.3,0,88.2854,58.63,0,0,1.0,1.0,1.0,0.02,78.3,0
1,91.2148,58.06,0,0,1.0,1.0,1.0,0.02,78.8,0,91.2148,58.06,0,0,1.0,1.0,1.0,0.02,78.8,0
2,94.2168,57.15,0,0,1.0,1.0,1.0,0.02,79.4,0,94.2168,57.15,0,0,1.0,1.0,1.0,0.02,79.4,0
3,97.1924,56.28,0,0,1.0,1.0,1.0,0.02,80.0,0,97.1924,56.28,0,0,1.0,1.0,1.0,0.02,80.0,0
4,100.1931,55.55,0,0,1.0,1.0,1.0,0.02,80.5,0,100.1931,55.55,0,0,1.0,1.0,1.0,0.02,80.5,0
5,103.2192,54.86,0,0,1.0,1.0,1.0,0.02,81.1,0,103.2192,54.86,0,0,1.0,1.0,1.0,0.02,81.1,0
6,106.2709,54.29,0,0,1.0,1.0,1.0,0.02,81.6,0,104.6501,53.83,0,0,1.0924,1.0,1.0166,0.03432,81.6,0
7,109.3007,53.86,0,0,1.0,1.0,1.0,0.02,82.2,0,104.8819,52.35,0,0,1.1664,1.0,1.0298,0.05224,74.0,1
8,112.353,53.48,0,0,1.0,1.0,1.0,0.02,82.7,0,105.0282,51.22,0,0,1.2255,1.0,1.0404,0.05554,74.8,1
9,115.4282,53.18,0,0,1.0,1.0,1.0,0.02,83.2,0,105.2231,50.33,0,0,1.278,1.0,1.0489,0.05692,75.5,1
10,118.4874,52.95,0,0,1.0,1.0,1.0,0.02,83.7,0,105.4914,49.72,0,0,1.3218,1.0,1.0557,0.05675,76.7,1
11,121.5697,52.63,0,0,1.0,1.0,1.0,0.02,84.3,0,105.8956,49.17,0,0,1.3569,1.0,1.0611,0.05541,78.0,1
12,124.5922,52.39,0,0,1.0,1.0,1.0,0.02,84.8,0,106.1064,48.25,0,0,1.385,1.0,1.0655,0.06275,76.1,2
13,127.6322,52.18,0,0,1.0,1.0,1.0,0.02,85.3,0,105.5824,47.89,0,0,1.4055,1.0,1.069,0.05877,77.4,2
14,130.69,51.98,0,0,1.0,1.0,1.0,0.02,85.8,0,105.6145,47.68,0,0,1.4239,1.0,1.0718,0.05503,78.6,2
15,133.7657,51.87,0,0,1.0,1.0,1.0,0.02,86.3,0,106.0555,47.62,0,0,1.4385,1.0,1.074,0.05141,79.8,2
16,136.8595,51.8,0,0,1.0,1.0,1.0,0.02,86.8,0,106.8325,47.67,0,0,1.4503,1.0,1.0758,0.048,81.1,2
17,139.9718,51.8,0,0,1.0,1.0,1.0,0.02,87.3,0,107.8897,47.73,0,0,1.4597,1.0,1.0772,0.04484,82.3,2
18,143.1026,51.8,0,0,1.0,1.0,1.0,0.02,87.8,0,109.1837,47.8,0,0,1.4672,1.0,1.0783,0.04193,83.4,2
19,146.2521,51.81,0,0,1.0,1.0,1.0,0.02,88.3,0,110.6796,47.9,0,0,1.4732,1.0,1.0792,0.0393,84.6,2
20,149.4207,51.81,0,0,1.0,1.0,1.0,0.02,88.8,0,111.8351,47.51,0,0,1.478,1.0,1.08,0.0463,80.0,3
21,152.5509,51.82,0,0,1.0,1.0,1.0,0.02,89.3,0,113.4298,47.59,0,0,1.4768,1.0,1.0805,0.0424,81.1,3
22,155.5872,51.84,0,0,1.0,1.0,1.0,0.02,89.8,0,115.1259,47.36,0,0,1.4615,1.0,1.081,0.04741,77.4,4
23,158.5856,51.87,0,0,1.0,1.0,1.0,0.02,90.2,0,114.0438,47.62,0,0,1.4493,1.0,1.0814,0.04249,78.5,4
24,160.5465,51.44,0,0,1.0,1.0,1.0,0.02937,81.5,1,113.564,48.03,0,0,1.4108,1.0,1.0817,0.03632,79.6,4
25,162.8969,51.48,0,0,1.0,1.0,1.0,0.02797,82.1,1,113.7238,48.46,0,0,1.3801,1.0,1.0819,0.03158,80.8,4
26,165.46,51.53,0,0,1.0,1.0,1.0,0.02677,82.7,1,114.3492,48.87,0,0,1.3538,1.0,1.0821,0.02783,81.8,4
27,167.9892,51.61,0,0,1.0,1.0,1.0,0.02576,83.2,1,115.2711,49.21,0,0,1.3327,1.0,1.0823,0.02502,82.9,4
28,170.5603,51.68,0,0,1.0,1.0,1.0,0.02489,83.7,1,116.4919,49.52,0,0,1.3159,1.0,1.0824,0.02293,84.0,4
29,173.3013,51.76,0,0,1.0,1.0,1.0,0.02416,84.2,1,117.9467,49.8,0,0,1.3025,1.0,1.0825,0.02141,85.1,4
30,175.9148,51.83,0,0,1.0,1.0,1.0,0.02354,84.7,1,119.5855,50.03,0,0,1.2917,1.0,1.0826,0.02033,86.1,4
31,178.6851,51.87,0,0,1.0,1.0,1.0,0.02301,85.2,1,121.3697,50.23,0,0,1.2831,1.0,1.0826,0.01958,87.2,4
32,181.3388,51.94,0,0,1.0,1.0,1.0,0.02255,85.6,1,123.2692,50.4,0,0,1.2762,1.0,1.0827,0.01907,88.3,4
33,183.9737,52.0,0,0,1.0,1.0,1.0,0.02217,86.0,1,125.2607,50.53,0,0,1.2707,1.0,1.0827,0.01875,89.3,4
34,186.622,52.15,0,0,1.0,1.0,1.0,0.02185,86.5,1,127.3262,50.64,0,0,1.2663,1.0,1.0827,0.01857,90.4,4
35,189.204,52.26,0,0,1.0,1.0,1.0,0.02157,86.9,1,129.4836,50.85,0,0,1.2627,1.0,1.0828,0.01713,91.5,4
